Detailed Resource Usage
Module Name,Fabric 4LUT,Fabric DFF,Single-Ended I/O,PLLs and CCCs,Chip Globals,MSS,CAN,10/100/1000 Ethernet,HS USB,Multi-Mode UART,RCOSC_50MHZ
APB_sampler_wrapper_0/Primitives,52,65,0,0,1,0,0,0,0,0,0
APB_sampler_wrapper_0/my_decoder/Primitives,321,188,0,0,0,0,0,0,0,0,0
Primitives/Primitives,1,0,17,0,0,0,0,0,0,0,0
sbMSS_sb_0/CCC_0/Primitives,0,0,0,1,1,0,0,0,0,0,0
sbMSS_sb_0/CORERESETP_0/Primitives,9,42,0,0,3,0,0,0,0,0,0
sbMSS_sb_0/CoreAPB3_0/Primitives,3,0,0,0,0,0,0,0,0,0,0
sbMSS_sb_0/CoreAPB3_0/u_mux_p_to_b3/Primitives,32,0,0,0,0,0,0,0,0,0,0
sbMSS_sb_0/CoreUARTapb_0_0/CUARTO0IL/CUARTIIOL/Primitives,27,21,0,0,0,0,0,0,0,0,0
sbMSS_sb_0/CoreUARTapb_0_0/CUARTO0IL/CUARTliOL/Primitives,38,19,0,0,0,0,0,0,0,0,0
sbMSS_sb_0/CoreUARTapb_0_0/CUARTO0IL/CUARTo0ol/Primitives,76,38,0,0,0,0,0,0,0,0,0
sbMSS_sb_0/CoreUARTapb_0_0/CUARTO0IL/Primitives,10,9,0,0,0,0,0,0,0,0,0
sbMSS_sb_0/CoreUARTapb_0_0/Primitives,2,24,0,0,0,0,0,0,0,0,0
sbMSS_sb_0/FABOSC_0/Primitives,0,0,0,0,1,0,0,0,0,0,1
sbMSS_sb_0/Primitives,3,0,0,0,0,0,0,0,0,0,0
sbMSS_sb_0/sbMSS_sb_MSS_0/Primitives,0,0,6,0,0,1,0,0,0,0,0
