<?xml version="1.0" encoding="UTF-8" standalone="no" ?>
<?xml-stylesheet href="rptstyle.xsl" type="text/xsl" ?>
<doc>
<title>Combinational Loop Report</title>
<text>SmartTime Version 2021.2.0.11</text>
<text>Microsemi Corporation - Microsemi Libero Software Release v2021.2 (Version 2021.2.0.11)</text>
<text>Date: Thu Dec  2 14:49:47 2021
</text>
<table>
<header>
</header>
<row>
 <cell>Design</cell>
 <cell>sbMSS</cell>
</row>
<row>
 <cell>Family</cell>
 <cell>SmartFusion2</cell>
</row>
<row>
 <cell>Die</cell>
 <cell>M2S010</cell>
</row>
<row>
 <cell>Package</cell>
 <cell>400 VF</cell>
</row>
<row>
 <cell>Temperature Range</cell>
 <cell>0 - 85 C</cell>
</row>
<row>
 <cell>Voltage Range</cell>
 <cell>1.14 - 1.26 V</cell>
</row>
<row>
 <cell>Speed Grade</cell>
 <cell>STD</cell>
</row>
<row>
 <cell>Design State</cell>
 <cell>Pre-Layout</cell>
</row>
</table>
<text></text>
<text></text>
<text></text>
<text>No combinational loops were detected in the design.</text>
</doc>
