<?xml version="1.0" encoding="UTF-8" standalone="no" ?>
<?xml-stylesheet href="rptstyle.xsl" type="text/xsl" ?>
<doc>
<title>Global Net Report</title>
<text>Microsemi Corporation - Microsemi Libero Software Release v2021.2 (Version 2021.2.0.11)</text>
<text>Date: Thu Dec  2 14:50:13 2021
</text>
<section>
<name>Global Nets Information</name>
<table>
<header>
 <cell/>
 <cell> From </cell>
 <cell> GB Location </cell>
 <cell> Net Name </cell>
 <cell> Fanout </cell>
</header>
<row>
 <cell>1</cell>
 <cell>GB[3] </cell>
 <cell>(221, 54)</cell>
 <cell>sbMSS_sb_0/CCC_0/GL0_INST/U0_YNn</cell>
 <cell>398</cell>
</row>
<row>
 <cell>2</cell>
 <cell>GB[1] </cell>
 <cell>(219, 54)</cell>
 <cell>APB_sampler_wrapper_0/r_reset_RNINOS5/U0_YNn_GSouth</cell>
 <cell>184</cell>
</row>
<row>
 <cell>3</cell>
 <cell>GB[0] </cell>
 <cell>(218, 54)</cell>
 <cell>sbMSS_sb_0/CORERESETP_0/MSS_HPMS_READY_int_rep_RNI06N1/U0_YNn_GSouth</cell>
 <cell>111</cell>
</row>
<row>
 <cell>4</cell>
 <cell>GB[2] </cell>
 <cell>(220, 54)</cell>
 <cell>sbMSS_sb_0/CORERESETP_0/INIT_DONE_int_rep_RNIRDR5/U0_YNn_GSouth</cell>
 <cell>33</cell>
</row>
<row>
 <cell>5</cell>
 <cell>GB[7] </cell>
 <cell>(225, 54)</cell>
 <cell>sbMSS_sb_0/CORERESETP_0/sm0_areset_n_clk_base_RNI59V9/U0_YNn_GSouth</cell>
 <cell>21</cell>
</row>
<row>
 <cell>6</cell>
 <cell>GB[6] </cell>
 <cell>(224, 54)</cell>
 <cell>sbMSS_sb_0/FABOSC_0/I_RCOSC_25_50MHZ_FAB_CLKINT/U0_YNn_GSouth</cell>
 <cell>9</cell>
</row>
</table>
<text></text>
</section>
<section>
<name>I/O to GB Connections</name>
<text>(none)</text>
</section>
<section>
<name>Fabric to GB Connections</name>
<table>
<header>
 <cell/>
 <cell> From </cell>
 <cell> From Location </cell>
 <cell> To </cell>
 <cell> Net Name </cell>
 <cell> Net Type </cell>
 <cell> Fanout </cell>
</header>
<row>
 <cell>1</cell>
 <cell>APB_sampler_wrapper_0/r_reset:Q</cell>
 <cell>(394, 40)</cell>
 <cell>GB[1] </cell>
 <cell>APB_sampler_wrapper_0/r_reset_0</cell>
 <cell>ROUTED</cell>
 <cell>1</cell>
</row>
<row>
 <cell>2</cell>
 <cell>sbMSS_sb_0/CORERESETP_0/MSS_HPMS_READY_int_rep:Q</cell>
 <cell>(375, 58)</cell>
 <cell>GB[0] </cell>
 <cell>sbMSS_sb_0/CORERESETP_0/MSS_HPMS_READY_int_rep_Z</cell>
 <cell>ROUTED</cell>
 <cell>1</cell>
</row>
<row>
 <cell>3</cell>
 <cell>sbMSS_sb_0/CORERESETP_0/INIT_DONE_int_rep:Q</cell>
 <cell>(352, 43)</cell>
 <cell>GB[2] </cell>
 <cell>sbMSS_sb_0/CORERESETP_0/INIT_DONE_int_rep_Z</cell>
 <cell>ROUTED</cell>
 <cell>1</cell>
</row>
<row>
 <cell>4</cell>
 <cell>sbMSS_sb_0/CORERESETP_0/sm0_areset_n_clk_base:Q</cell>
 <cell>(341, 52)</cell>
 <cell>GB[7] </cell>
 <cell>sbMSS_sb_0/CORERESETP_0/sm0_areset_n_clk_base_0</cell>
 <cell>ROUTED</cell>
 <cell>1</cell>
</row>
<row>
 <cell>5</cell>
 <cell>sbMSS_sb_0/FABOSC_0/I_RCOSC_25_50MHZ_FAB:CLKOUT</cell>
 <cell>(397, 92)</cell>
 <cell>GB[6] </cell>
 <cell>sbMSS_sb_0/FABOSC_0/N_RCOSC_25_50MHZ_CLKINT</cell>
 <cell>ROUTED</cell>
 <cell>1</cell>
</row>
</table>
<text></text>
</section>
<section>
<name>CCC to GB Connections</name>
<table>
<header>
 <cell/>
 <cell> From </cell>
 <cell> From Location </cell>
 <cell>Pin Swapped for Back Annotation Only</cell>
 <cell> To </cell>
 <cell> Net Name </cell>
 <cell> Net Type </cell>
 <cell> Fanout </cell>
</header>
<row>
 <cell>1</cell>
 <cell>sbMSS_sb_0/CCC_0/CCC_INST/INST_CCC_IP:GL0</cell>
 <cell>CCC-NE1 (390, 92)</cell>
 <cell>GL0 =&gt; GL3</cell>
 <cell>GB[3] </cell>
 <cell>sbMSS_sb_0/CCC_0/GL0_net</cell>
 <cell>HARDWIRED</cell>
 <cell>1</cell>
</row>
</table>
<text></text>
</section>
<section>
<name>CCC Input Connections</name>
<table>
<header>
 <cell/>
 <cell> From </cell>
 <cell> From Location </cell>
 <cell> To (Pin Swapped for Back Annotation Only) </cell>
 <cell> CCC Location </cell>
 <cell> Net Name </cell>
 <cell> Net Type </cell>
 <cell> Fanout </cell>
</header>
<row>
 <cell>1</cell>
 <cell>sbMSS_sb_0/FABOSC_0/I_RCOSC_25_50MHZ:CLKOUT</cell>
 <cell>(396, 92)</cell>
 <cell>sbMSS_sb_0/CCC_0/CCC_INST/INST_CCC_IP:RCOSC_25_50MHZ</cell>
 <cell>CCC-NE1 (390, 92)</cell>
 <cell>sbMSS_sb_0/FABOSC_0_RCOSC_25_50MHZ_CCC_OUT_RCOSC_25_50MHZ_CCC</cell>
 <cell>HARDWIRED</cell>
 <cell>2</cell>
</row>
</table>
<text></text>
</section>
<section>
<name>Local Nets to RGB Connections</name>
<text>(none)</text>
</section>
<section>
<name>Global Nets to RGB Connections</name>
<table>
<header>
 <cell/>
 <cell> From </cell>
 <cell> From Location </cell>
 <cell> Net Name </cell>
 <cell> Fanout </cell>
 <cell> </cell>
 <cell> RGB Location </cell>
 <cell> RGB Fanout </cell>
</header>
<row>
 <cell>1</cell>
 <cell>GB[3] </cell>
 <cell>(221, 54)</cell>
 <cell>sbMSS_sb_0/CCC_0/GL0_INST/U0_YNn</cell>
 <cell>398</cell>
 <cell>1</cell>
 <cell>(218, 57)</cell>
 <cell>10</cell>
</row>
<row>
 <cell> </cell>
 <cell></cell>
 <cell></cell>
 <cell></cell>
 <cell></cell>
 <cell>2</cell>
 <cell>(218, 102)</cell>
 <cell>1</cell>
</row>
<row>
 <cell>2</cell>
 <cell>GB[1] </cell>
 <cell>(219, 54)</cell>
 <cell>APB_sampler_wrapper_0/r_reset_RNINOS5/U0_YNn_GSouth</cell>
 <cell>184</cell>
 <cell>1</cell>
 <cell>(218, 30)</cell>
 <cell>20</cell>
</row>
<row>
 <cell> </cell>
 <cell></cell>
 <cell></cell>
 <cell></cell>
 <cell></cell>
 <cell>2</cell>
 <cell>(218, 33)</cell>
 <cell>15</cell>
</row>
<row>
 <cell> </cell>
 <cell></cell>
 <cell></cell>
 <cell></cell>
 <cell></cell>
 <cell>3</cell>
 <cell>(218, 36)</cell>
 <cell>21</cell>
</row>
<row>
 <cell> </cell>
 <cell></cell>
 <cell></cell>
 <cell></cell>
 <cell></cell>
 <cell>4</cell>
 <cell>(218, 39)</cell>
 <cell>62</cell>
</row>
<row>
 <cell> </cell>
 <cell></cell>
 <cell></cell>
 <cell></cell>
 <cell></cell>
 <cell>5</cell>
 <cell>(218, 42)</cell>
 <cell>21</cell>
</row>
<row>
 <cell> </cell>
 <cell></cell>
 <cell></cell>
 <cell></cell>
 <cell></cell>
 <cell>6</cell>
 <cell>(218, 45)</cell>
 <cell>11</cell>
</row>
<row>
 <cell> </cell>
 <cell></cell>
 <cell></cell>
 <cell></cell>
 <cell></cell>
 <cell>7</cell>
 <cell>(218, 48)</cell>
 <cell>34</cell>
</row>
<row>
 <cell>3</cell>
 <cell>GB[0] </cell>
 <cell>(218, 54)</cell>
 <cell>sbMSS_sb_0/CORERESETP_0/MSS_HPMS_READY_int_rep_RNI06N1/U0_YNn_GSouth</cell>
 <cell>111</cell>
 <cell>1</cell>
 <cell>(219, 27)</cell>
 <cell>11</cell>
</row>
<row>
 <cell> </cell>
 <cell></cell>
 <cell></cell>
 <cell></cell>
 <cell></cell>
 <cell>2</cell>
 <cell>(220, 30)</cell>
 <cell>19</cell>
</row>
<row>
 <cell> </cell>
 <cell></cell>
 <cell></cell>
 <cell></cell>
 <cell></cell>
 <cell>3</cell>
 <cell>(220, 33)</cell>
 <cell>21</cell>
</row>
<row>
 <cell> </cell>
 <cell></cell>
 <cell></cell>
 <cell></cell>
 <cell></cell>
 <cell>4</cell>
 <cell>(220, 36)</cell>
 <cell>23</cell>
</row>
<row>
 <cell> </cell>
 <cell></cell>
 <cell></cell>
 <cell></cell>
 <cell></cell>
 <cell>5</cell>
 <cell>(221, 39)</cell>
 <cell>1</cell>
</row>
<row>
 <cell> </cell>
 <cell></cell>
 <cell></cell>
 <cell></cell>
 <cell></cell>
 <cell>6</cell>
 <cell>(221, 45)</cell>
 <cell>28</cell>
</row>
<row>
 <cell> </cell>
 <cell></cell>
 <cell></cell>
 <cell></cell>
 <cell></cell>
 <cell>7</cell>
 <cell>(222, 42)</cell>
 <cell>8</cell>
</row>
<row>
 <cell>4</cell>
 <cell>GB[2] </cell>
 <cell>(220, 54)</cell>
 <cell>sbMSS_sb_0/CORERESETP_0/INIT_DONE_int_rep_RNIRDR5/U0_YNn_GSouth</cell>
 <cell>33</cell>
 <cell>1</cell>
 <cell>(220, 39)</cell>
 <cell>17</cell>
</row>
<row>
 <cell> </cell>
 <cell></cell>
 <cell></cell>
 <cell></cell>
 <cell></cell>
 <cell>2</cell>
 <cell>(220, 45)</cell>
 <cell>6</cell>
</row>
<row>
 <cell> </cell>
 <cell></cell>
 <cell></cell>
 <cell></cell>
 <cell></cell>
 <cell>3</cell>
 <cell>(221, 42)</cell>
 <cell>10</cell>
</row>
<row>
 <cell>5</cell>
 <cell>GB[7] </cell>
 <cell>(225, 54)</cell>
 <cell>sbMSS_sb_0/CORERESETP_0/sm0_areset_n_clk_base_RNI59V9/U0_YNn_GSouth</cell>
 <cell>21</cell>
 <cell>1</cell>
 <cell>(218, 51)</cell>
 <cell>2</cell>
</row>
<row>
 <cell> </cell>
 <cell></cell>
 <cell></cell>
 <cell></cell>
 <cell></cell>
 <cell>2</cell>
 <cell>(219, 42)</cell>
 <cell>11</cell>
</row>
<row>
 <cell> </cell>
 <cell></cell>
 <cell></cell>
 <cell></cell>
 <cell></cell>
 <cell>3</cell>
 <cell>(219, 48)</cell>
 <cell>8</cell>
</row>
<row>
 <cell>6</cell>
 <cell>GB[6] </cell>
 <cell>(224, 54)</cell>
 <cell>sbMSS_sb_0/FABOSC_0/I_RCOSC_25_50MHZ_FAB_CLKINT/U0_YNn_GSouth</cell>
 <cell>9</cell>
 <cell>1</cell>
 <cell>(219, 51)</cell>
 <cell>7</cell>
</row>
<row>
 <cell> </cell>
 <cell></cell>
 <cell></cell>
 <cell></cell>
 <cell></cell>
 <cell>2</cell>
 <cell>(220, 48)</cell>
 <cell>2</cell>
</row>
</table>
<text></text>
</section>
</doc>
