<?xml version="1.0" encoding="UTF-8" standalone="no" ?>
<?xml-stylesheet href="rptstyle.xsl" type="text/xsl" ?>
<doc>
<title>I/O Register Combining Report</title>
<text>Microsemi Corporation - Microsemi Libero Software Release v2021.2 (Version 2021.2.0.11)</text>
<text>Date: Thu Dec  2 14:50:35 2021
</text>
<section><name>I/O Register Combining Summary</name></section>
<table>
<header>
</header>
</table>
<section><name>I/O DDR Register Combining Summary</name></section>
<table>
<header>
</header>
</table>
</doc>
