<?xml version="1.0" encoding="UTF-8" standalone="no" ?>
<?xml-stylesheet href="rptstyle.xsl" type="text/xsl" ?>
<doc>
<title>Resource Report</title>
<text>Microsemi Corporation - Microsemi Libero Software Release v2021.2 (Version 2021.2.0.11)</text>
<text>Date: Thu Dec  2 10:43:51 2021
</text>
<section><name>Device Selection</name></section>
<table>
<header>
</header>
<row>
 <cell>Family</cell>
 <cell>SmartFusion2</cell>
</row>
<row>
 <cell>Device</cell>
 <cell>M2S010</cell>
</row>
<row>
 <cell>Package</cell>
 <cell>400 VF</cell>
</row>
<row>
 <cell>Speed Grade</cell>
 <cell>STD</cell>
</row>
<row>
 <cell>Temp</cell>
 <cell>0:25:85</cell>
</row>
<row>
 <cell>Voltage</cell>
 <cell>1.26:1.20:1.14</cell>
</row>
<row>
 <cell>Core Voltage</cell>
 <cell>1.2V</cell>
</row>
<row>
 <cell>Ramp Rate</cell>
 <cell>100ms Minimum</cell>
</row>
<row>
 <cell>System Controller Suspend Mode</cell>
 <cell>No</cell>
</row>
<row>
 <cell>PLL Supply Voltage</cell>
 <cell>3.3V</cell>
</row>
<row>
 <cell>Default I/O technology</cell>
 <cell>LVCMOS 3.3V</cell>
</row>
<row>
 <cell>Restrict Probe Pins</cell>
 <cell>Yes</cell>
</row>
<row>
 <cell>Restrict SPI Pins</cell>
 <cell>No</cell>
</row>
</table>
<section><name>Source Files</name></section>
<table>
<header>
</header>
<row>
 <cell>Topcell</cell>
 <cell>sbMSS</cell>
</row>
<row>
 <cell>Format</cell>
 <cell>Verilog</cell>
</row>
<row>
 <cell>Source</cell>
 <cell>C:\Users\joice\Documents\uart_system_builder1\synthesis\sbMSS.vm</cell>
</row>
</table>
<section><name>Options</name></section>
<table>
<header>
</header>
<row>
 <cell>Enable Single Event Transient mitigation</cell>
 <cell>false</cell>
</row>
<row>
 <cell>Enable Design Separation Methodology</cell>
 <cell>false</cell>
</row>
<row>
 <cell>Limit the number of high fanout nets to display to</cell>
 <cell>10</cell>
</row>
</table>
<section><name>Resource Usage</name></section>
<table>
<header>
 <cell>Type</cell>
 <cell>Used</cell>
 <cell>Total</cell>
 <cell>Percentage</cell>
</header>
<row>
 <cell>4LUT</cell>
 <cell>3970</cell>
 <cell>12084</cell>
 <cell>32.85</cell>
</row>
<row>
 <cell>DFF</cell>
 <cell>2302</cell>
 <cell>12084</cell>
 <cell>19.05</cell>
</row>
<row>
 <cell>I/O Register</cell>
 <cell>0</cell>
 <cell>585</cell>
 <cell>0.00</cell>
</row>
<row>
 <cell>User I/O</cell>
 <cell>23</cell>
 <cell>195</cell>
 <cell>11.79</cell>
</row>
<row>
 <cell>-- Single-ended I/O</cell>
 <cell>23</cell>
 <cell>195</cell>
 <cell>11.79</cell>
</row>
<row>
 <cell>-- Differential I/O Pairs</cell>
 <cell>0</cell>
 <cell>97</cell>
 <cell>0.00</cell>
</row>
<row>
 <cell>RAM64x18</cell>
 <cell>0</cell>
 <cell>22</cell>
 <cell>0.00</cell>
</row>
<row>
 <cell>RAM1K18</cell>
 <cell>0</cell>
 <cell>21</cell>
 <cell>0.00</cell>
</row>
<row>
 <cell>MACC</cell>
 <cell>0</cell>
 <cell>22</cell>
 <cell>0.00</cell>
</row>
<row>
 <cell>Chip Globals</cell>
 <cell>6</cell>
 <cell>8</cell>
 <cell>75.00</cell>
</row>
<row>
 <cell>CCC</cell>
 <cell>1</cell>
 <cell>2</cell>
 <cell>50.00</cell>
</row>
<row>
 <cell>RCOSC_25_50MHZ</cell>
 <cell>1</cell>
 <cell>1</cell>
 <cell>100.00</cell>
</row>
<row>
 <cell>RCOSC_1MHZ</cell>
 <cell>0</cell>
 <cell>1</cell>
 <cell>0.00</cell>
</row>
<row>
 <cell>XTLOSC</cell>
 <cell>0</cell>
 <cell>1</cell>
 <cell>0.00</cell>
</row>
<row>
 <cell>MSS</cell>
 <cell>1</cell>
 <cell>1</cell>
 <cell>100.00</cell>
</row>
</table>
<section><name>Detailed Logic Resource Usage</name></section>
<table>
<header>
 <cell>Type</cell>
 <cell>4LUT</cell>
 <cell>DFF</cell>
</header>
<row>
 <cell>Fabric Logic</cell>
 <cell>3970</cell>
 <cell>2302</cell>
</row>
<row>
 <cell>RAM64x18 Interface Logic</cell>
 <cell>0</cell>
 <cell>0</cell>
</row>
<row>
 <cell>RAM1K18 Interface Logic</cell>
 <cell>0</cell>
 <cell>0</cell>
</row>
<row>
 <cell>MACC Interface Logic</cell>
 <cell>0</cell>
 <cell>0</cell>
</row>
<row>
 <cell>Total Used</cell>
 <cell>3970</cell>
 <cell>2302</cell>
</row>
</table>
<section><name>MSS Resource Usage</name></section>
<table>
<header>
 <cell>Type</cell>
 <cell>Used</cell>
 <cell>Total</cell>
</header>
<row>
 <cell>Cortex-M3*</cell>
 <cell>1</cell>
 <cell>1</cell>
</row>
<row>
 <cell>eNVM (256KB)*</cell>
 <cell>1</cell>
 <cell>1</cell>
</row>
<row>
 <cell>eSRAM*</cell>
 <cell>2</cell>
 <cell>2</cell>
</row>
<row>
 <cell>TIMER*</cell>
 <cell>2</cell>
 <cell>2</cell>
</row>
<row>
 <cell>CAN</cell>
 <cell>0</cell>
 <cell>1</cell>
</row>
<row>
 <cell>SPI</cell>
 <cell>0</cell>
 <cell>2</cell>
</row>
<row>
 <cell>I2C</cell>
 <cell>1</cell>
 <cell>2</cell>
</row>
<row>
 <cell>UART</cell>
 <cell>1</cell>
 <cell>2</cell>
</row>
<row>
 <cell>USB</cell>
 <cell>0</cell>
 <cell>1</cell>
</row>
<row>
 <cell>MAC</cell>
 <cell>0</cell>
 <cell>1</cell>
</row>
<row>
 <cell>MDDR</cell>
 <cell>0</cell>
 <cell>1</cell>
</row>
<row>
 <cell>HPDMA</cell>
 <cell>1</cell>
 <cell>1</cell>
</row>
<row>
 <cell>PDMA</cell>
 <cell>1</cell>
 <cell>1</cell>
</row>
</table>
<text>* These resources are always marked as used when you are using the MSS</text>
<text></text>
<section><name>Detailed Carry Chains Resource Usage</name></section>
<table>
<header>
</header>
<row>
 <cell>Length</cell>
 <cell>Used</cell>
</row>
<row>
 <cell>5</cell>
 <cell>1</cell>
</row>
<row>
 <cell>6</cell>
 <cell>1</cell>
</row>
<row>
 <cell>13</cell>
 <cell>1</cell>
</row>
<row>
 <cell>46</cell>
 <cell>32</cell>
</row>
<row>
 <cell>Total</cell>
 <cell>35</cell>
</row>
</table>
<section><name>I/O Function</name></section>
<table>
<header>
 <cell>Type</cell>
 <cell>w/o register</cell>
 <cell>w/ register</cell>
 <cell>w/ DDR register</cell>
</header>
<row>
 <cell>Input I/O</cell>
 <cell>5</cell>
 <cell>0</cell>
 <cell>0</cell>
</row>
<row>
 <cell>Output I/O</cell>
 <cell>16</cell>
 <cell>0</cell>
 <cell>0</cell>
</row>
<row>
 <cell>Bidirectional I/O</cell>
 <cell>2</cell>
 <cell>0</cell>
 <cell>0</cell>
</row>
<row>
 <cell>Differential Input I/O Pairs</cell>
 <cell>0</cell>
 <cell>0</cell>
 <cell>0</cell>
</row>
<row>
 <cell>Differential Output I/O Pairs</cell>
 <cell>0</cell>
 <cell>0</cell>
 <cell>0</cell>
</row>
</table>
<section><name>I/O Technology</name></section>
<table>
<header>
 <cell>I/O Standard</cell>
 <cell>Vddi</cell>
 <cell>Vref</cell>
 <cell>Input</cell>
 <cell>Output</cell>
 <cell>Bidirectional</cell>
</header>
<row>
 <cell>LVCMOS33</cell>
 <cell> 3.30v</cell>
 <cell> N/A</cell>
 <cell> 5</cell>
 <cell> 16</cell>
 <cell> 2</cell>
</row>
</table>
<section><name>Nets assigned to chip global resources</name></section>
<table>
<header>
 <cell>Fanout</cell>
 <cell>Type</cell>
 <cell>Name</cell>
</header>
<row>
 <cell>2294</cell>
 <cell>INT_NET</cell>
 <cell>Net   : sbMSS_sb_0_FIC_0_CLK</cell>
</row>
<row>
 <cell></cell>
 <cell></cell>
 <cell>Driver: sbMSS_sb_0/CCC_0/GL0_INST/U0_RGB1</cell>
</row>
<row>
 <cell></cell>
 <cell></cell>
 <cell>Source: NETLIST</cell>
</row>
<row>
 <cell>2068</cell>
 <cell>INT_NET</cell>
 <cell>Net   : APB_sampler_wrapper_0/r_reset_Z</cell>
</row>
<row>
 <cell></cell>
 <cell></cell>
 <cell>Driver: APB_sampler_wrapper_0/r_reset_RNINOS5/U0_RGB1</cell>
</row>
<row>
 <cell></cell>
 <cell></cell>
 <cell>Source: NETLIST</cell>
</row>
<row>
 <cell>111</cell>
 <cell>INT_NET</cell>
 <cell>Net   : sbMSS_sb_0/MSS_HPMS_READY_int_arst</cell>
</row>
<row>
 <cell></cell>
 <cell></cell>
 <cell>Driver: sbMSS_sb_0/CORERESETP_0/MSS_HPMS_READY_int_rep_RNI06N1/U0_RGB1</cell>
</row>
<row>
 <cell></cell>
 <cell></cell>
 <cell>Source: NETLIST</cell>
</row>
<row>
 <cell>41</cell>
 <cell>INT_NET</cell>
 <cell>Net   : INIT_DONE_int_arst</cell>
</row>
<row>
 <cell></cell>
 <cell></cell>
 <cell>Driver: sbMSS_sb_0/CORERESETP_0/INIT_DONE_int_rep_RNIRDR5/U0_RGB1</cell>
</row>
<row>
 <cell></cell>
 <cell></cell>
 <cell>Source: NETLIST</cell>
</row>
<row>
 <cell>21</cell>
 <cell>INT_NET</cell>
 <cell>Net   : sbMSS_sb_0/CORERESETP_0/sm0_areset_n_clk_base_Z</cell>
</row>
<row>
 <cell></cell>
 <cell></cell>
 <cell>Driver: sbMSS_sb_0/CORERESETP_0/sm0_areset_n_clk_base_RNI59V9/U0_RGB1</cell>
</row>
<row>
 <cell></cell>
 <cell></cell>
 <cell>Source: NETLIST</cell>
</row>
<row>
 <cell>9</cell>
 <cell>INT_NET</cell>
 <cell>Net   : sbMSS_sb_0/FABOSC_0_RCOSC_25_50MHZ_O2F</cell>
</row>
<row>
 <cell></cell>
 <cell></cell>
 <cell>Driver: sbMSS_sb_0/FABOSC_0/I_RCOSC_25_50MHZ_FAB_CLKINT/U0_RGB1</cell>
</row>
<row>
 <cell></cell>
 <cell></cell>
 <cell>Source: NETLIST</cell>
</row>
</table>
<section><name>Nets assigned to row global resources</name></section>
<table>
<header>
 <cell>Fanout</cell>
 <cell>Type</cell>
 <cell>Name</cell>
</header>
</table>
<section><name>High fanout nets</name></section>
<table>
<header>
 <cell>Fanout</cell>
 <cell>Type</cell>
 <cell>Name</cell>
</header>
<row>
 <cell>2049</cell>
 <cell>INT_NET</cell>
 <cell>Net   : APB_sampler_wrapper_0/my_sampler/r_Sample_data_Z</cell>
</row>
<row>
 <cell></cell>
 <cell></cell>
 <cell>Driver: APB_sampler_wrapper_0/my_sampler/r_Sample_data</cell>
</row>
<row>
 <cell>1024</cell>
 <cell>INT_NET</cell>
 <cell>Net   : APB_sampler_wrapper_0/my_sampler/r_Read_Buffer_Index_Z[4]</cell>
</row>
<row>
 <cell></cell>
 <cell></cell>
 <cell>Driver: APB_sampler_wrapper_0/my_sampler/r_Read_Buffer_Index[4]</cell>
</row>
<row>
 <cell>512</cell>
 <cell>INT_NET</cell>
 <cell>Net   : APB_sampler_wrapper_0/my_sampler/r_Read_Buffer_Index_Z[5]</cell>
</row>
<row>
 <cell></cell>
 <cell></cell>
 <cell>Driver: APB_sampler_wrapper_0/my_sampler/r_Read_Buffer_Index[5]</cell>
</row>
<row>
 <cell>256</cell>
 <cell>INT_NET</cell>
 <cell>Net   : APB_sampler_wrapper_0/my_sampler/r_Read_Buffer_Index_Z[3]</cell>
</row>
<row>
 <cell></cell>
 <cell></cell>
 <cell>Driver: APB_sampler_wrapper_0/my_sampler/r_Read_Buffer_Index[3]</cell>
</row>
<row>
 <cell>256</cell>
 <cell>INT_NET</cell>
 <cell>Net   : APB_sampler_wrapper_0/my_sampler/r_Read_Buffer_Index_Z[2]</cell>
</row>
<row>
 <cell></cell>
 <cell></cell>
 <cell>Driver: APB_sampler_wrapper_0/my_sampler/r_Read_Buffer_Index[2]</cell>
</row>
<row>
 <cell>228</cell>
 <cell>INT_NET</cell>
 <cell>Net   : APB_sampler_wrapper_0/my_sampler/N_1630_fast</cell>
</row>
<row>
 <cell></cell>
 <cell></cell>
 <cell>Driver: APB_sampler_wrapper_0/my_sampler/p_fill_buffers.un68_r_data_4_0_a2_0_a2_0_fast</cell>
</row>
<row>
 <cell>192</cell>
 <cell>INT_NET</cell>
 <cell>Net   : APB_sampler_wrapper_0/my_sampler/N_1653</cell>
</row>
<row>
 <cell></cell>
 <cell></cell>
 <cell>Driver: APB_sampler_wrapper_0/my_sampler/r_Data_1_1_sqmuxa_0_a2_0_a2_1_a2_1</cell>
</row>
<row>
 <cell>192</cell>
 <cell>INT_NET</cell>
 <cell>Net   : APB_sampler_wrapper_0/my_sampler/N_1644</cell>
</row>
<row>
 <cell></cell>
 <cell></cell>
 <cell>Driver: APB_sampler_wrapper_0/my_sampler/r_Data_1_1_sqmuxa_0_a2_0_a2_1_a2_0</cell>
</row>
<row>
 <cell>192</cell>
 <cell>INT_NET</cell>
 <cell>Net   : APB_sampler_wrapper_0/my_sampler/N_1635</cell>
</row>
<row>
 <cell></cell>
 <cell></cell>
 <cell>Driver: APB_sampler_wrapper_0/my_sampler/r_Data_19_1_sqmuxa_0_a2_1_a2_0_a2_0</cell>
</row>
<row>
 <cell>160</cell>
 <cell>INT_NET</cell>
 <cell>Net   : APB_sampler_wrapper_0/my_sampler/N_1659</cell>
</row>
<row>
 <cell></cell>
 <cell></cell>
 <cell>Driver: APB_sampler_wrapper_0/my_sampler/r_Data_58_1_sqmuxa_0_a2_0_a2_1_a2_1</cell>
</row>
</table>
<section><name>High fanout nets (through buffer trees)</name></section>
<table>
<header>
 <cell>Fanout</cell>
 <cell>Type</cell>
 <cell>Name</cell>
</header>
<row>
 <cell>2049</cell>
 <cell>INT_NET</cell>
 <cell>Net   : APB_sampler_wrapper_0/my_sampler/r_Sample_data_Z</cell>
</row>
<row>
 <cell></cell>
 <cell></cell>
 <cell>Driver: APB_sampler_wrapper_0/my_sampler/r_Sample_data</cell>
</row>
<row>
 <cell>1024</cell>
 <cell>INT_NET</cell>
 <cell>Net   : APB_sampler_wrapper_0/my_sampler/r_Read_Buffer_Index_Z[4]</cell>
</row>
<row>
 <cell></cell>
 <cell></cell>
 <cell>Driver: APB_sampler_wrapper_0/my_sampler/r_Read_Buffer_Index[4]</cell>
</row>
<row>
 <cell>512</cell>
 <cell>INT_NET</cell>
 <cell>Net   : APB_sampler_wrapper_0/my_sampler/r_Read_Buffer_Index_Z[5]</cell>
</row>
<row>
 <cell></cell>
 <cell></cell>
 <cell>Driver: APB_sampler_wrapper_0/my_sampler/r_Read_Buffer_Index[5]</cell>
</row>
<row>
 <cell>256</cell>
 <cell>INT_NET</cell>
 <cell>Net   : APB_sampler_wrapper_0/my_sampler/r_Read_Buffer_Index_Z[3]</cell>
</row>
<row>
 <cell></cell>
 <cell></cell>
 <cell>Driver: APB_sampler_wrapper_0/my_sampler/r_Read_Buffer_Index[3]</cell>
</row>
<row>
 <cell>256</cell>
 <cell>INT_NET</cell>
 <cell>Net   : APB_sampler_wrapper_0/my_sampler/r_Read_Buffer_Index_Z[2]</cell>
</row>
<row>
 <cell></cell>
 <cell></cell>
 <cell>Driver: APB_sampler_wrapper_0/my_sampler/r_Read_Buffer_Index[2]</cell>
</row>
<row>
 <cell>228</cell>
 <cell>INT_NET</cell>
 <cell>Net   : APB_sampler_wrapper_0/my_sampler/N_1630_fast</cell>
</row>
<row>
 <cell></cell>
 <cell></cell>
 <cell>Driver: APB_sampler_wrapper_0/my_sampler/p_fill_buffers.un68_r_data_4_0_a2_0_a2_0_fast</cell>
</row>
<row>
 <cell>192</cell>
 <cell>INT_NET</cell>
 <cell>Net   : APB_sampler_wrapper_0/my_sampler/N_1653</cell>
</row>
<row>
 <cell></cell>
 <cell></cell>
 <cell>Driver: APB_sampler_wrapper_0/my_sampler/r_Data_1_1_sqmuxa_0_a2_0_a2_1_a2_1</cell>
</row>
<row>
 <cell>192</cell>
 <cell>INT_NET</cell>
 <cell>Net   : APB_sampler_wrapper_0/my_sampler/N_1644</cell>
</row>
<row>
 <cell></cell>
 <cell></cell>
 <cell>Driver: APB_sampler_wrapper_0/my_sampler/r_Data_1_1_sqmuxa_0_a2_0_a2_1_a2_0</cell>
</row>
<row>
 <cell>192</cell>
 <cell>INT_NET</cell>
 <cell>Net   : APB_sampler_wrapper_0/my_sampler/N_1635</cell>
</row>
<row>
 <cell></cell>
 <cell></cell>
 <cell>Driver: APB_sampler_wrapper_0/my_sampler/r_Data_19_1_sqmuxa_0_a2_1_a2_0_a2_0</cell>
</row>
<row>
 <cell>160</cell>
 <cell>INT_NET</cell>
 <cell>Net   : APB_sampler_wrapper_0/my_sampler/N_1659</cell>
</row>
<row>
 <cell></cell>
 <cell></cell>
 <cell>Driver: APB_sampler_wrapper_0/my_sampler/r_Data_58_1_sqmuxa_0_a2_0_a2_1_a2_1</cell>
</row>
</table>
</doc>
