<?xml version="1.0" encoding="UTF-8" standalone="no" ?>
<?xml-stylesheet href="rptstyle.xsl" type="text/xsl" ?>
<doc>
<title>Global Net Report</title>
<text>Microsemi Corporation - Microsemi Libero Software Release v2021.2 (Version 2021.2.0.11)</text>
<text>Date: Thu Dec  2 10:44:52 2021
</text>
<section>
<name>Global Nets Information</name>
<table>
<header>
 <cell/>
 <cell> From </cell>
 <cell> GB Location </cell>
 <cell> Net Name </cell>
 <cell> Fanout </cell>
</header>
<row>
 <cell>1</cell>
 <cell>GB[0] </cell>
 <cell>(218, 54)</cell>
 <cell>sbMSS_sb_0/CCC_0/GL0_INST/U0_YNn</cell>
 <cell>2294</cell>
</row>
<row>
 <cell>2</cell>
 <cell>GB[7] </cell>
 <cell>(225, 54)</cell>
 <cell>APB_sampler_wrapper_0/r_reset_RNINOS5/U0_YNn</cell>
 <cell>2068</cell>
</row>
<row>
 <cell>3</cell>
 <cell>GB[2] </cell>
 <cell>(220, 54)</cell>
 <cell>sbMSS_sb_0/CORERESETP_0/MSS_HPMS_READY_int_rep_RNI06N1/U0_YNn_GSouth</cell>
 <cell>111</cell>
</row>
<row>
 <cell>4</cell>
 <cell>GB[3] </cell>
 <cell>(221, 54)</cell>
 <cell>sbMSS_sb_0/CORERESETP_0/INIT_DONE_int_rep_RNIRDR5/U0_YNn_GSouth</cell>
 <cell>41</cell>
</row>
<row>
 <cell>5</cell>
 <cell>GB[6] </cell>
 <cell>(224, 54)</cell>
 <cell>sbMSS_sb_0/CORERESETP_0/sm0_areset_n_clk_base_RNI59V9/U0_YNn</cell>
 <cell>21</cell>
</row>
<row>
 <cell>6</cell>
 <cell>GB[1] </cell>
 <cell>(219, 54)</cell>
 <cell>sbMSS_sb_0/FABOSC_0/I_RCOSC_25_50MHZ_FAB_CLKINT/U0_YNn</cell>
 <cell>9</cell>
</row>
</table>
<text></text>
</section>
<section>
<name>I/O to GB Connections</name>
<text>(none)</text>
</section>
<section>
<name>Fabric to GB Connections</name>
<table>
<header>
 <cell/>
 <cell> From </cell>
 <cell> From Location </cell>
 <cell> To </cell>
 <cell> Net Name </cell>
 <cell> Net Type </cell>
 <cell> Fanout </cell>
</header>
<row>
 <cell>1</cell>
 <cell>APB_sampler_wrapper_0/r_reset:Q</cell>
 <cell>(330, 40)</cell>
 <cell>GB[7] </cell>
 <cell>APB_sampler_wrapper_0/r_reset_0</cell>
 <cell>ROUTED</cell>
 <cell>1</cell>
</row>
<row>
 <cell>2</cell>
 <cell>sbMSS_sb_0/CORERESETP_0/MSS_HPMS_READY_int_rep:Q</cell>
 <cell>(386, 40)</cell>
 <cell>GB[2] </cell>
 <cell>sbMSS_sb_0/CORERESETP_0/MSS_HPMS_READY_int_rep_Z</cell>
 <cell>ROUTED</cell>
 <cell>1</cell>
</row>
<row>
 <cell>3</cell>
 <cell>sbMSS_sb_0/CORERESETP_0/INIT_DONE_int_rep:Q</cell>
 <cell>(372, 49)</cell>
 <cell>GB[3] </cell>
 <cell>sbMSS_sb_0/CORERESETP_0/INIT_DONE_int_rep_Z</cell>
 <cell>ROUTED</cell>
 <cell>1</cell>
</row>
<row>
 <cell>4</cell>
 <cell>sbMSS_sb_0/CORERESETP_0/sm0_areset_n_clk_base:Q</cell>
 <cell>(385, 46)</cell>
 <cell>GB[6] </cell>
 <cell>sbMSS_sb_0/CORERESETP_0/sm0_areset_n_clk_base_0</cell>
 <cell>ROUTED</cell>
 <cell>1</cell>
</row>
<row>
 <cell>5</cell>
 <cell>sbMSS_sb_0/FABOSC_0/I_RCOSC_25_50MHZ_FAB:CLKOUT</cell>
 <cell>(397, 92)</cell>
 <cell>GB[1] </cell>
 <cell>sbMSS_sb_0/FABOSC_0/N_RCOSC_25_50MHZ_CLKINT</cell>
 <cell>ROUTED</cell>
 <cell>1</cell>
</row>
</table>
<text></text>
</section>
<section>
<name>CCC to GB Connections</name>
<table>
<header>
 <cell/>
 <cell> From </cell>
 <cell> From Location </cell>
 <cell> To </cell>
 <cell> Net Name </cell>
 <cell> Net Type </cell>
 <cell> Fanout </cell>
</header>
<row>
 <cell>1</cell>
 <cell>sbMSS_sb_0/CCC_0/CCC_INST/INST_CCC_IP:GL0</cell>
 <cell>CCC-NE1 (390, 92)</cell>
 <cell>GB[0] </cell>
 <cell>sbMSS_sb_0/CCC_0/GL0_net</cell>
 <cell>HARDWIRED</cell>
 <cell>1</cell>
</row>
</table>
<text></text>
</section>
<section>
<name>CCC Input Connections</name>
<table>
<header>
 <cell/>
 <cell> From </cell>
 <cell> From Location </cell>
 <cell> To (Pin Swapped for Back Annotation Only) </cell>
 <cell> CCC Location </cell>
 <cell> Net Name </cell>
 <cell> Net Type </cell>
 <cell> Fanout </cell>
</header>
<row>
 <cell>1</cell>
 <cell>sbMSS_sb_0/FABOSC_0/I_RCOSC_25_50MHZ:CLKOUT</cell>
 <cell>(396, 92)</cell>
 <cell>sbMSS_sb_0/CCC_0/CCC_INST/INST_CCC_IP:RCOSC_25_50MHZ</cell>
 <cell>CCC-NE1 (390, 92)</cell>
 <cell>sbMSS_sb_0/FABOSC_0_RCOSC_25_50MHZ_CCC_OUT_RCOSC_25_50MHZ_CCC</cell>
 <cell>HARDWIRED</cell>
 <cell>2</cell>
</row>
</table>
<text></text>
</section>
<section>
<name>Local Nets to RGB Connections</name>
<text>(none)</text>
</section>
<section>
<name>Global Nets to RGB Connections</name>
<table>
<header>
 <cell/>
 <cell> From </cell>
 <cell> From Location </cell>
 <cell> Net Name </cell>
 <cell> Fanout </cell>
 <cell> </cell>
 <cell> RGB Location </cell>
 <cell> RGB Fanout </cell>
</header>
<row>
 <cell>1</cell>
 <cell>GB[0] </cell>
 <cell>(218, 54)</cell>
 <cell>sbMSS_sb_0/CCC_0/GL0_INST/U0_YNn</cell>
 <cell>2294</cell>
 <cell>1</cell>
 <cell>(218, 102)</cell>
 <cell>1</cell>
</row>
<row>
 <cell> </cell>
 <cell></cell>
 <cell></cell>
 <cell></cell>
 <cell></cell>
 <cell>2</cell>
 <cell>(219, 57)</cell>
 <cell>108</cell>
</row>
<row>
 <cell> </cell>
 <cell></cell>
 <cell></cell>
 <cell></cell>
 <cell></cell>
 <cell>3</cell>
 <cell>(219, 60)</cell>
 <cell>105</cell>
</row>
<row>
 <cell> </cell>
 <cell></cell>
 <cell></cell>
 <cell></cell>
 <cell></cell>
 <cell>4</cell>
 <cell>(219, 69)</cell>
 <cell>104</cell>
</row>
<row>
 <cell> </cell>
 <cell></cell>
 <cell></cell>
 <cell></cell>
 <cell></cell>
 <cell>5</cell>
 <cell>(219, 72)</cell>
 <cell>112</cell>
</row>
<row>
 <cell> </cell>
 <cell></cell>
 <cell></cell>
 <cell></cell>
 <cell></cell>
 <cell>6</cell>
 <cell>(219, 75)</cell>
 <cell>108</cell>
</row>
<row>
 <cell> </cell>
 <cell></cell>
 <cell></cell>
 <cell></cell>
 <cell></cell>
 <cell>7</cell>
 <cell>(219, 78)</cell>
 <cell>98</cell>
</row>
<row>
 <cell> </cell>
 <cell></cell>
 <cell></cell>
 <cell></cell>
 <cell></cell>
 <cell>8</cell>
 <cell>(219, 81)</cell>
 <cell>95</cell>
</row>
<row>
 <cell> </cell>
 <cell></cell>
 <cell></cell>
 <cell></cell>
 <cell></cell>
 <cell>9</cell>
 <cell>(219, 84)</cell>
 <cell>84</cell>
</row>
<row>
 <cell> </cell>
 <cell></cell>
 <cell></cell>
 <cell></cell>
 <cell></cell>
 <cell>10</cell>
 <cell>(219, 87)</cell>
 <cell>72</cell>
</row>
<row>
 <cell> </cell>
 <cell></cell>
 <cell></cell>
 <cell></cell>
 <cell></cell>
 <cell>11</cell>
 <cell>(219, 90)</cell>
 <cell>44</cell>
</row>
<row>
 <cell> </cell>
 <cell></cell>
 <cell></cell>
 <cell></cell>
 <cell></cell>
 <cell>12</cell>
 <cell>(219, 93)</cell>
 <cell>21</cell>
</row>
<row>
 <cell> </cell>
 <cell></cell>
 <cell></cell>
 <cell></cell>
 <cell></cell>
 <cell>13</cell>
 <cell>(219, 96)</cell>
 <cell>1</cell>
</row>
<row>
 <cell> </cell>
 <cell></cell>
 <cell></cell>
 <cell></cell>
 <cell></cell>
 <cell>14</cell>
 <cell>(221, 63)</cell>
 <cell>115</cell>
</row>
<row>
 <cell> </cell>
 <cell></cell>
 <cell></cell>
 <cell></cell>
 <cell></cell>
 <cell>15</cell>
 <cell>(221, 66)</cell>
 <cell>108</cell>
</row>
<row>
 <cell>2</cell>
 <cell>GB[7] </cell>
 <cell>(225, 54)</cell>
 <cell>APB_sampler_wrapper_0/r_reset_RNINOS5/U0_YNn</cell>
 <cell>2068</cell>
 <cell>1</cell>
 <cell>(218, 57)</cell>
 <cell>107</cell>
</row>
<row>
 <cell> </cell>
 <cell></cell>
 <cell></cell>
 <cell></cell>
 <cell></cell>
 <cell>2</cell>
 <cell>(218, 60)</cell>
 <cell>104</cell>
</row>
<row>
 <cell> </cell>
 <cell></cell>
 <cell></cell>
 <cell></cell>
 <cell></cell>
 <cell>3</cell>
 <cell>(218, 69)</cell>
 <cell>104</cell>
</row>
<row>
 <cell> </cell>
 <cell></cell>
 <cell></cell>
 <cell></cell>
 <cell></cell>
 <cell>4</cell>
 <cell>(218, 72)</cell>
 <cell>110</cell>
</row>
<row>
 <cell> </cell>
 <cell></cell>
 <cell></cell>
 <cell></cell>
 <cell></cell>
 <cell>5</cell>
 <cell>(218, 75)</cell>
 <cell>106</cell>
</row>
<row>
 <cell> </cell>
 <cell></cell>
 <cell></cell>
 <cell></cell>
 <cell></cell>
 <cell>6</cell>
 <cell>(218, 78)</cell>
 <cell>98</cell>
</row>
<row>
 <cell> </cell>
 <cell></cell>
 <cell></cell>
 <cell></cell>
 <cell></cell>
 <cell>7</cell>
 <cell>(218, 81)</cell>
 <cell>95</cell>
</row>
<row>
 <cell> </cell>
 <cell></cell>
 <cell></cell>
 <cell></cell>
 <cell></cell>
 <cell>8</cell>
 <cell>(218, 84)</cell>
 <cell>84</cell>
</row>
<row>
 <cell> </cell>
 <cell></cell>
 <cell></cell>
 <cell></cell>
 <cell></cell>
 <cell>9</cell>
 <cell>(218, 87)</cell>
 <cell>72</cell>
</row>
<row>
 <cell> </cell>
 <cell></cell>
 <cell></cell>
 <cell></cell>
 <cell></cell>
 <cell>10</cell>
 <cell>(218, 90)</cell>
 <cell>44</cell>
</row>
<row>
 <cell> </cell>
 <cell></cell>
 <cell></cell>
 <cell></cell>
 <cell></cell>
 <cell>11</cell>
 <cell>(218, 93)</cell>
 <cell>21</cell>
</row>
<row>
 <cell> </cell>
 <cell></cell>
 <cell></cell>
 <cell></cell>
 <cell></cell>
 <cell>12</cell>
 <cell>(218, 96)</cell>
 <cell>1</cell>
</row>
<row>
 <cell> </cell>
 <cell></cell>
 <cell></cell>
 <cell></cell>
 <cell></cell>
 <cell>13</cell>
 <cell>(220, 63)</cell>
 <cell>107</cell>
</row>
<row>
 <cell> </cell>
 <cell></cell>
 <cell></cell>
 <cell></cell>
 <cell></cell>
 <cell>14</cell>
 <cell>(220, 66)</cell>
 <cell>97</cell>
</row>
<row>
 <cell>3</cell>
 <cell>GB[2] </cell>
 <cell>(220, 54)</cell>
 <cell>sbMSS_sb_0/CORERESETP_0/MSS_HPMS_READY_int_rep_RNI06N1/U0_YNn_GSouth</cell>
 <cell>111</cell>
 <cell>1</cell>
 <cell>(218, 15)</cell>
 <cell>9</cell>
</row>
<row>
 <cell> </cell>
 <cell></cell>
 <cell></cell>
 <cell></cell>
 <cell></cell>
 <cell>2</cell>
 <cell>(218, 18)</cell>
 <cell>14</cell>
</row>
<row>
 <cell> </cell>
 <cell></cell>
 <cell></cell>
 <cell></cell>
 <cell></cell>
 <cell>3</cell>
 <cell>(218, 24)</cell>
 <cell>32</cell>
</row>
<row>
 <cell> </cell>
 <cell></cell>
 <cell></cell>
 <cell></cell>
 <cell></cell>
 <cell>4</cell>
 <cell>(218, 27)</cell>
 <cell>36</cell>
</row>
<row>
 <cell> </cell>
 <cell></cell>
 <cell></cell>
 <cell></cell>
 <cell></cell>
 <cell>5</cell>
 <cell>(218, 30)</cell>
 <cell>20</cell>
</row>
<row>
 <cell>4</cell>
 <cell>GB[3] </cell>
 <cell>(221, 54)</cell>
 <cell>sbMSS_sb_0/CORERESETP_0/INIT_DONE_int_rep_RNIRDR5/U0_YNn_GSouth</cell>
 <cell>41</cell>
 <cell>1</cell>
 <cell>(218, 39)</cell>
 <cell>17</cell>
</row>
<row>
 <cell> </cell>
 <cell></cell>
 <cell></cell>
 <cell></cell>
 <cell></cell>
 <cell>2</cell>
 <cell>(218, 51)</cell>
 <cell>6</cell>
</row>
<row>
 <cell> </cell>
 <cell></cell>
 <cell></cell>
 <cell></cell>
 <cell></cell>
 <cell>3</cell>
 <cell>(219, 45)</cell>
 <cell>13</cell>
</row>
<row>
 <cell> </cell>
 <cell></cell>
 <cell></cell>
 <cell></cell>
 <cell></cell>
 <cell>4</cell>
 <cell>(219, 48)</cell>
 <cell>5</cell>
</row>
<row>
 <cell>5</cell>
 <cell>GB[6] </cell>
 <cell>(224, 54)</cell>
 <cell>sbMSS_sb_0/CORERESETP_0/sm0_areset_n_clk_base_RNI59V9/U0_YNn</cell>
 <cell>21</cell>
 <cell>1</cell>
 <cell>(218, 63)</cell>
 <cell>8</cell>
</row>
<row>
 <cell> </cell>
 <cell></cell>
 <cell></cell>
 <cell></cell>
 <cell></cell>
 <cell>2</cell>
 <cell>(218, 66)</cell>
 <cell>11</cell>
</row>
<row>
 <cell>6</cell>
 <cell>GB[1] </cell>
 <cell>(219, 54)</cell>
 <cell>sbMSS_sb_0/FABOSC_0/I_RCOSC_25_50MHZ_FAB_CLKINT/U0_YNn</cell>
 <cell>9</cell>
 <cell>1</cell>
 <cell>(219, 63)</cell>
 <cell>4</cell>
</row>
<row>
 <cell> </cell>
 <cell></cell>
 <cell></cell>
 <cell></cell>
 <cell></cell>
 <cell>2</cell>
 <cell>(219, 66)</cell>
 <cell>1</cell>
</row>
</table>
<text></text>
</section>
</doc>
