<?xml version="1.0" encoding="UTF-8" standalone="no" ?>
<?xml-stylesheet href="rptstyle.xsl" type="text/xsl" ?>
<doc>
<text>SmartTime Version 2021.2.0.11</text>
<text>Microsemi Corporation - Microsemi Libero Software Release v2021.2 (Version 2021.2.0.11)
Date: Thu Dec  2 10:44:05 2021 </text>
<table>
<header>
</header>
<row>
 <cell>Design</cell>
 <cell>sbMSS</cell>
</row>
<row>
 <cell>Family</cell>
 <cell>SmartFusion2</cell>
</row>
<row>
 <cell>Die</cell>
 <cell>M2S010</cell>
</row>
<row>
 <cell>Package</cell>
 <cell>400 VF</cell>
</row>
<row>
 <cell>Temperature Range</cell>
 <cell>0 - 85 C</cell>
</row>
<row>
 <cell>Voltage Range</cell>
 <cell>1.14 - 1.26 V</cell>
</row>
<row>
 <cell>Speed Grade</cell>
 <cell>STD</cell>
</row>
</table>
<text></text>
<text></text>
<section>
<name>Coverage Summary</name>
<text></text>
<table>
<header>
 <cell>Type of check</cell>
 <cell>Constrained</cell>
 <cell>UnConstrained</cell>
 <cell>Total</cell>
</header>
<row>
 <cell>Setup</cell>
 <cell>         4543</cell>
 <cell>            2</cell>
 <cell>         4545</cell>
</row>
<row>
 <cell>Recovery</cell>
 <cell>         2260</cell>
 <cell>            2</cell>
 <cell>         2262</cell>
</row>
<row>
 <cell>Output Setup</cell>
 <cell>            0</cell>
 <cell>            6</cell>
 <cell>            6</cell>
</row>
<row>
 <cell>Total Setup</cell>
 <cell>         6803</cell>
 <cell>           10</cell>
 <cell>         6813</cell>
</row>
<separator/>
<row>
 <cell>Hold</cell>
 <cell>         4543</cell>
 <cell>            2</cell>
 <cell>         4545</cell>
</row>
<row>
 <cell>Removal</cell>
 <cell>         2260</cell>
 <cell>            2</cell>
 <cell>         2262</cell>
</row>
<row>
 <cell>Output Hold</cell>
 <cell>            0</cell>
 <cell>            6</cell>
 <cell>            6</cell>
</row>
<row>
 <cell>Total Hold</cell>
 <cell>         6803</cell>
 <cell>           10</cell>
 <cell>         6813</cell>
</row>
</table>
<section>
<name>Clock domain: </name>
<text>sbMSS_sb_0/CCC_0/GL0</text>
<text></text>
<table>
<header>
 <cell>Type of check</cell>
 <cell>Constrained</cell>
 <cell>UnConstrained</cell>
 <cell>Total</cell>
</header>
<row>
 <cell>Setup</cell>
 <cell>         4541</cell>
 <cell>            2</cell>
 <cell>         4543</cell>
</row>
<row>
 <cell>Recovery</cell>
 <cell>         2251</cell>
 <cell>            2</cell>
 <cell>         2253</cell>
</row>
<row>
 <cell>Output Setup</cell>
 <cell>            0</cell>
 <cell>            6</cell>
 <cell>            6</cell>
</row>
<row>
 <cell>Total Setup</cell>
 <cell>         6792</cell>
 <cell>           10</cell>
 <cell>         6802</cell>
</row>
<separator/>
<row>
 <cell>Hold</cell>
 <cell>         4541</cell>
 <cell>            2</cell>
 <cell>         4543</cell>
</row>
<row>
 <cell>Removal</cell>
 <cell>         2251</cell>
 <cell>            2</cell>
 <cell>         2253</cell>
</row>
<row>
 <cell>Output Hold</cell>
 <cell>            0</cell>
 <cell>            6</cell>
 <cell>            6</cell>
</row>
<row>
 <cell>Total Hold</cell>
 <cell>         6792</cell>
 <cell>           10</cell>
 <cell>         6802</cell>
</row>
</table>
<section>
<name>Enhancement Suggestions</name>
<text></text>
<text> - Max input delay constraint missing on ports:</text>
<text>   </text>
<list>
 <item>NANEYE_DATA</item>
 <item>SKYKRAFT_UART_RX</item>
</list>
<text></text>
<text> - Min input delay constraint missing on ports:</text>
<text>   </text>
<list>
 <item>NANEYE_DATA</item>
 <item>SKYKRAFT_UART_RX</item>
</list>
<text></text>
<text></text>
<text> - Max output delay constraint missing on ports:</text>
<text>   </text>
<list>
 <item>I2C_0_SCL</item>
 <item>I2C_0_SDA</item>
 <item>LD_MOD_CLK</item>
 <item>MMUART_0_TXD</item>
 <item>NANEYE_ENABLE</item>
 <item>SKYKRAFT_UART_TX</item>
</list>
<text></text>
<text> - Min output delay constraint missing on ports:</text>
<text>   </text>
<list>
 <item>I2C_0_SCL</item>
 <item>I2C_0_SDA</item>
 <item>LD_MOD_CLK</item>
 <item>MMUART_0_TXD</item>
 <item>NANEYE_ENABLE</item>
 <item>SKYKRAFT_UART_TX</item>
</list>
<text></text>
<text></text>
<text> - Setup unconstrained for the following pins:</text>
<text>   </text>
<list>
 <item>APB_sampler_wrapper_0/my_sampler/r_Sample_data_R:D</item>
 <item>sbMSS_sb_0/CoreUARTapb_0_0/CUARTO0IL/CUARTo0ol/CUARToo0i[2]:D</item>
</list>
<text></text>
<text> - Recovery unconstrained for the following pins:</text>
<text>   </text>
<list>
 <item>sbMSS_sb_0/CORERESETP_0/RESET_N_M2F_clk_base:ALn</item>
 <item>sbMSS_sb_0/CORERESETP_0/RESET_N_M2F_q1:ALn</item>
</list>
<text></text>
<text> - Hold unconstrained for the following pins:</text>
<text>   </text>
<list>
 <item>APB_sampler_wrapper_0/my_sampler/r_Sample_data_R:D</item>
 <item>sbMSS_sb_0/CoreUARTapb_0_0/CUARTO0IL/CUARTo0ol/CUARToo0i[2]:D</item>
</list>
<text></text>
<text> - Removal unconstrained for the following pins:</text>
<text>   </text>
<list>
 <item>sbMSS_sb_0/CORERESETP_0/RESET_N_M2F_clk_base:ALn</item>
 <item>sbMSS_sb_0/CORERESETP_0/RESET_N_M2F_q1:ALn</item>
</list>
<text></text>
</section>
</section>
<section>
<name>Clock domain: </name>
<text>sbMSS_sb_0/FABOSC_0/I_RCOSC_25_50MHZ/CLKOUT</text>
<text></text>
<table>
<header>
 <cell>Type of check</cell>
 <cell>Constrained</cell>
 <cell>UnConstrained</cell>
 <cell>Total</cell>
</header>
<row>
 <cell>Setup</cell>
 <cell>            2</cell>
 <cell>            0</cell>
 <cell>            2</cell>
</row>
<row>
 <cell>Recovery</cell>
 <cell>            9</cell>
 <cell>            0</cell>
 <cell>            9</cell>
</row>
<row>
 <cell>Output Setup</cell>
 <cell>            0</cell>
 <cell>            0</cell>
 <cell>            0</cell>
</row>
<row>
 <cell>Total Setup</cell>
 <cell>           11</cell>
 <cell>            0</cell>
 <cell>           11</cell>
</row>
<separator/>
<row>
 <cell>Hold</cell>
 <cell>            2</cell>
 <cell>            0</cell>
 <cell>            2</cell>
</row>
<row>
 <cell>Removal</cell>
 <cell>            9</cell>
 <cell>            0</cell>
 <cell>            9</cell>
</row>
<row>
 <cell>Output Hold</cell>
 <cell>            0</cell>
 <cell>            0</cell>
 <cell>            0</cell>
</row>
<row>
 <cell>Total Hold</cell>
 <cell>           11</cell>
 <cell>            0</cell>
 <cell>           11</cell>
</row>
</table>
</section>
<section>
<name>Input to Output</name>
<table>
<header>
 <cell>Type of check</cell>
 <cell>Constrained</cell>
 <cell>UnConstrained</cell>
 <cell>Total</cell>
</header>
<row>
 <cell>Output Setup</cell>
 <cell>            0</cell>
 <cell>            0</cell>
 <cell>            0</cell>
</row>
<separator/>
<row>
 <cell>Output Hold</cell>
 <cell>            0</cell>
 <cell>            0</cell>
 <cell>            0</cell>
</row>
</table>
</section>
</section>
</doc>
