<?xml version="1.0" encoding="ISO-8859-1" ?>
<?xml-stylesheet type="text/xsl" href="drcss.xsl"?>
<drcreport>
  <header>sbMSS</header>
  <drc>
    <status>C:\Microsemi\Libero_SoC_v2021.2\Designer/data/drcreport\error.png</status>
    <StatusMessage>Error</StatusMessage>
    <message>Undriven Pin</message>
    <detail>Unconnected top level output port sbMSS:NANEYE_ENABLE</detail>
    <crossprobe>liberoaction://cross_probe/smartdesign/sbMSS/pins/sbMSS:NANEYE_ENABLE</crossprobe>
  </drc>
  <drc>
    <status>C:\Microsemi\Libero_SoC_v2021.2\Designer/data/drcreport\error.png</status>
    <StatusMessage>Error</StatusMessage>
    <message>Out-of-date Instance</message>
    <detail>Component definition is not consistent for instance APB_sampler_wrapper_0</detail>
    <crossprobe>liberoaction://cross_probe/smartdesign/sbMSS/instances/APB_sampler_wrapper_0</crossprobe>
  </drc>
</drcreport>
